game_title,playtime_hours,retention_days,unique_players
Game 1,5.254833333333334,15.78,99
Game 10,5.367000000000001,15.59,100
Game 2,5.29304347826087,15.469565217391304,114
Game 3,5.117021276595745,13.97872340425532,93
Game 4,5.319074074074074,14.455555555555556,90
Game 5,5.551333333333333,14.54,99
Game 6,4.900173611111112,16.239583333333332,95
Game 7,5.538834951456311,15.184466019417476,103
Game 8,5.102,16.88,99
Game 9,5.137908496732026,14.970588235294118,101
